{"train_inner/loss_scale": 16.0, "_timestamp": 1685273935.3399527, "train_inner/train_wall": 160.0, "train_inner/wall": 172568.0, "_runtime": 172573.92386364937, "_step": 103800, "train_inner/lr": 0.00019630498076223551, "train_inner/gnorm": 0.213, "train_inner/clip": 100.0, "train_inner/ppl": 6.06, "train_inner/wps": 34987.2, "train_inner/wpb": 57754.4, "train_inner/loss": 4.213, "train_inner/ups": 0.61, "train_inner/nll_loss": 2.599, "train_inner/bsz": 1515.5, "valid/bleu": 19.3, "valid/ppl": 6.84, "valid/wps": 1099.3, "valid/wpb": 1974.9, "valid/loss": 4.38, "valid/nll_loss": 2.775, "valid/bsz": 68.9, "train/lr": 0.0002002013035159318, "train/wall": 165947.0, "train/gnorm": 0.214, "train/clip": 100.0, "train/loss_scale": 12.0, "train/ppl": 6.08, "train/wps": 34497.2, "train/wpb": 57374.1, "train/loss": 4.217, "train/ups": 0.6, "train/nll_loss": 2.604, "train/train_wall": 10647.0, "train/bsz": 1482.3, "valid/best_bleu": 19.49}