{"train_inner/loss_scale": 64.0, "_timestamp": 1685056650.2108889, "train_inner/train_wall": 2.0, "train_inner/wall": 51.0, "_runtime": 59.28479075431824, "_step": 0}