{"train_inner/train_wall": 135.0, "_timestamp": 1687212375.4922535, "train_inner/loss_scale": 2.0, "train_inner/wall": 431739.0, "_runtime": 431876.0913834572, "_step": 271874, "train_inner/gnorm": 0.207, "train_inner/wpb": 245748.5, "train_inner/loss": 4.103, "train_inner/bsz": 6355.7, "train_inner/ppl": 5.56, "train_inner/wps": 166549.5, "train_inner/ups": 0.68, "train_inner/lr": 0.00012131242087447316, "train_inner/clip": 100.0, "train_inner/nll_loss": 2.475, "valid/bleu": 20.36, "valid/wpb": 7504.5, "valid/loss": 4.193, "valid/bsz": 261.9, "valid/ppl": 5.92, "valid/wps": 5499.5, "valid/nll_loss": 2.565, "train/gnorm": 0.202, "train/wpb": 245746.4, "train/loss_scale": 2.0, "train/loss": 4.102, "train/bsz": 6348.8, "train/ppl": 5.55, "train/wps": 163190.1, "train/train_wall": 2111.0, "train/ups": 0.66, "train/lr": 0.00012129591004576768, "train/clip": 100.0, "train/wall": 431869.0, "train/nll_loss": 2.473, "valid/best_bleu": 21.38}