{"train_inner/wall": 78.0, "_timestamp": 1684805018.7360728, "train_inner/train_wall": 3.0, "train_inner/loss_scale": 32.0, "_runtime": 105.43685579299927, "_step": 0}