{"train_inner/wall": 172597.0, "_timestamp": 1685236603.5520751, "train_inner/train_wall": 105.0, "train_inner/loss_scale": 16.0, "_runtime": 172601.7398700714, "_step": 156800, "train_inner/nll_loss": 2.519, "train_inner/loss": 4.142, "train_inner/clip": 100.0, "train_inner/gnorm": 0.265, "train_inner/ups": 0.92, "train_inner/wpb": 57227.8, "train_inner/lr": 0.00015971914124998497, "train_inner/ppl": 5.73, "train_inner/bsz": 1477.4, "train_inner/wps": 52606.7, "valid/nll_loss": 2.51, "valid/loss": 4.152, "valid/wpb": 2420.8, "valid/ppl": 5.7, "valid/bsz": 84.5, "valid/bleu": 21.85, "valid/wps": 1936.1, "train/nll_loss": 2.521, "train/wall": 169008.0, "train/train_wall": 7021.0, "train/loss": 4.144, "train/clip": 100.0, "train/gnorm": 0.263, "train/ups": 0.91, "train/wpb": 57189.8, "train/lr": 0.0001614105644904298, "train/ppl": 5.74, "train/bsz": 1477.4, "train/loss_scale": 25.0, "train/wps": 51961.6, "valid/best_bleu": 21.92}