{"train_inner/train_wall": 93.0, "_timestamp": 1685270156.6566222, "train_inner/wall": 172669.0, "train_inner/loss_scale": 8.0, "_runtime": 172675.8860962391, "_step": 174900, "train_inner/ups": 1.03, "train_inner/wpb": 57518.4, "train_inner/nll_loss": 2.575, "train_inner/gnorm": 0.274, "train_inner/bsz": 1455.5, "train_inner/clip": 100.0, "train_inner/ppl": 5.96, "train_inner/loss": 4.193, "train_inner/lr": 0.00015122900366482887, "train_inner/wps": 59051.5, "valid/bleu": 21.62, "valid/wpb": 1974.9, "valid/nll_loss": 2.545, "valid/bsz": 68.9, "valid/ppl": 5.84, "valid/loss": 4.181, "valid/wps": 2208.8, "train/loss_scale": 11.0, "train/ups": 1.01, "train/train_wall": 6194.0, "train/wpb": 57376.5, "train/nll_loss": 2.58, "train/gnorm": 0.273, "train/bsz": 1482.2, "train/clip": 100.0, "train/wall": 170753.0, "train/ppl": 5.98, "train/loss": 4.197, "train/lr": 0.00015206949095350025, "train/wps": 58088.5, "valid/best_bleu": 21.71}