{"train_inner/wall": 172649.0, "_timestamp": 1685010700.528507, "train_inner/train_wall": 81.0, "train_inner/loss_scale": 4.0, "_runtime": 172653.5727109909, "_step": 195700, "train_inner/lr": 0.00014296659796924718, "train_inner/clip": 100.0, "train_inner/loss": 4.159, "train_inner/ppl": 5.81, "train_inner/bsz": 3078.2, "train_inner/gnorm": 0.23, "train_inner/wps": 139721.3, "train_inner/nll_loss": 2.538, "train_inner/ups": 1.17, "train_inner/wpb": 119600.0, "valid/wpb": 4169.2, "valid/loss": 4.214, "valid/ppl": 6.0, "valid/bsz": 145.5, "valid/wps": 5896.1, "valid/bleu": 20.44, "valid/nll_loss": 2.586, "train/lr": 0.00014330714654392122, "train/clip": 100.0, "train/loss_scale": 5.0, "train/train_wall": 2597.0, "train/loss": 4.163, "train/ppl": 5.83, "train/bsz": 3088.6, "train/gnorm": 0.226, "train/wall": 171833.0, "train/wps": 137531.9, "train/nll_loss": 2.543, "train/ups": 1.15, "train/wpb": 119568.9, "valid/best_bleu": 21.16}