{"train_inner/loss_scale": 16.0, "_timestamp": 1685266082.7994316, "train_inner/wall": 172617.0, "train_inner/train_wall": 105.0, "_runtime": 172623.67492365837, "_step": 157500, "train_inner/wps": 52803.4, "train_inner/nll_loss": 2.515, "train_inner/wpb": 57188.8, "train_inner/bsz": 1490.1, "train_inner/ups": 0.92, "train_inner/loss": 4.138, "train_inner/lr": 0.00015936381457791913, "train_inner/gnorm": 0.263, "train_inner/clip": 100.0, "train_inner/ppl": 5.71, "valid/bleu": 21.36, "valid/wps": 2047.2, "valid/nll_loss": 2.523, "valid/wpb": 2501.5, "valid/bsz": 87.3, "valid/loss": 4.163, "valid/ppl": 5.75, "train/wps": 52244.8, "train/nll_loss": 2.521, "train/wpb": 57198.9, "train/bsz": 1477.7, "train/ups": 0.91, "train/loss": 4.143, "train/lr": 0.00016142475921376243, "train/gnorm": 0.264, "train/clip": 100.0, "train/loss_scale": 17.0, "train/ppl": 5.74, "train/wall": 168255.0, "train/train_wall": 7000.0, "valid/best_bleu": 21.73}