{"train_inner/train_wall": 204.0, "_timestamp": 1685279371.6493192, "train_inner/loss_scale": 8.0, "train_inner/wall": 172398.0, "_runtime": 172403.84975123405, "_step": 81800, "train_inner/ups": 0.48, "train_inner/ppl": 5.82, "train_inner/bsz": 1492.8, "train_inner/nll_loss": 2.542, "train_inner/gnorm": 0.223, "train_inner/clip": 100.0, "train_inner/loss": 4.163, "train_inner/lr": 0.00022113289104342323, "train_inner/wps": 27349.1, "train_inner/wpb": 57192.4, "valid/ppl": 7.03, "valid/bsz": 87.3, "valid/nll_loss": 2.814, "valid/loss": 4.426, "valid/bleu": 17.22, "valid/wps": 840.1, "valid/wpb": 2501.5, "train/ups": 0.48, "train/train_wall": 13591.0, "train/loss_scale": 7.0, "train/wall": 168776.0, "train/ppl": 5.91, "train/bsz": 1477.8, "train/nll_loss": 2.563, "train/gnorm": 0.223, "train/clip": 100.0, "train/loss": 4.181, "train/lr": 0.00022349089190508813, "train/wps": 27172.0, "train/wpb": 57198.4, "valid/best_bleu": 17.65}