{"train_inner/wall": 431813.0, "_timestamp": 1687311412.2922564, "train_inner/train_wall": 145.0, "train_inner/loss_scale": 4.0, "_runtime": 431818.30815529823, "_step": 267100, "train_inner/bsz": 3075.8, "train_inner/wps": 78734.7, "train_inner/lr": 0.0001223750977328075, "train_inner/ppl": 5.56, "train_inner/wpb": 120959.3, "train_inner/nll_loss": 2.476, "train_inner/gnorm": 0.217, "train_inner/loss": 4.106, "train_inner/ups": 0.65, "train_inner/clip": 100.0, "valid/bsz": 119.0, "valid/wps": 1218.0, "valid/ppl": 5.74, "valid/bleu": 21.67, "valid/wpb": 3411.1, "valid/nll_loss": 2.522, "valid/loss": 4.158, "train/bsz": 3132.4, "train/wall": 427646.0, "train/wps": 77100.1, "train/lr": 0.00012299508942683552, "train/ppl": 5.55, "train/wpb": 121262.7, "train/train_wall": 4605.0, "train/nll_loss": 2.472, "train/gnorm": 0.218, "train/loss": 4.102, "train/ups": 0.64, "train/loss_scale": 4.0, "train/clip": 100.0, "valid/best_bleu": 21.94}