{"train_inner/loss_scale": 16.0, "_timestamp": 1685127735.175187, "train_inner/wall": 6638.0, "train_inner/train_wall": 400.0, "_runtime": 6644.0751080513, "_step": 1600, "train_inner/lr": 0.00039999999999999996, "train_inner/wpb": 119350.4, "train_inner/bsz": 3100.2, "train_inner/nll_loss": 5.114, "train_inner/wps": 29213.8, "train_inner/ups": 0.24, "train_inner/clip": 100.0, "train_inner/ppl": 34.64, "train_inner/loss": 6.459, "train_inner/gnorm": 0.453}