{"train_inner/wall": 172708.0, "_timestamp": 1685010759.55043, "train_inner/train_wall": 82.0, "train_inner/loss_scale": 16.0, "_runtime": 172712.85079717636, "_step": 199400, "train_inner/bsz": 1491.4, "train_inner/gnorm": 0.279, "train_inner/ups": 1.18, "train_inner/lr": 0.00014163396676512618, "train_inner/clip": 100.0, "train_inner/ppl": 6.13, "train_inner/loss": 4.228, "train_inner/nll_loss": 2.616, "train_inner/wpb": 57303.9, "train_inner/wps": 67367.3, "valid/bsz": 68.9, "valid/bleu": 21.22, "valid/ppl": 5.86, "valid/loss": 4.186, "valid/nll_loss": 2.55, "valid/wpb": 1974.9, "valid/wps": 2490.2, "train/bsz": 1482.3, "train/gnorm": 0.278, "train/ups": 1.16, "train/wall": 167197.0, "train/lr": 0.00014398030944746414, "train/clip": 100.0, "train/ppl": 6.12, "train/loss_scale": 18.0, "train/loss": 4.225, "train/nll_loss": 2.613, "train/train_wall": 5446.0, "train/wpb": 57376.4, "train/wps": 66697.3, "valid/best_bleu": 21.49}