{"train_inner/train_wall": 103.0, "_timestamp": 1685010713.521148, "train_inner/wall": 172662.0, "train_inner/loss_scale": 16.0, "_runtime": 172666.95128798485, "_step": 159300, "train_inner/ppl": 6.04, "train_inner/lr": 0.00015846089618050944, "train_inner/gnorm": 0.28, "train_inner/nll_loss": 2.595, "train_inner/clip": 100.0, "train_inner/bsz": 1491.8, "train_inner/ups": 0.94, "train_inner/wpb": 57279.5, "train_inner/loss": 4.209, "train_inner/wps": 53714.3, "valid/ppl": 5.81, "valid/wpb": 2501.5, "valid/nll_loss": 2.538, "valid/bsz": 87.3, "valid/bleu": 21.4, "valid/loss": 4.176, "valid/wps": 2259.3, "train/ppl": 6.06, "train/train_wall": 6891.0, "train/wall": 166436.0, "train/lr": 0.00016143369855365554, "train/gnorm": 0.279, "train/nll_loss": 2.599, "train/clip": 100.0, "train/bsz": 1477.8, "train/ups": 0.93, "train/wpb": 57199.2, "train/loss": 4.213, "train/wps": 53143.4, "train/loss_scale": 15.0, "valid/best_bleu": 21.62}