{"train_inner/wps": 71924.2, "_timestamp": 1686879266.4490209, "train_inner/loss_scale": 2.0, "train_inner/ups": 1.21, "train_inner/bsz": 2164.7, "train_inner/gb_free": 39.6, "train_inner/nll_loss": 1.766, "train_inner/lr": 0.00015375520133814754, "train_inner/train_wall": 79.0, "train_inner/wall": 355687.0, "train_inner/wpb": 59600.2, "train_inner/ppl": 3.4, "train_inner/gnorm": 0.367, "train_inner/loss": 3.476, "_runtime": 355672.9733328819, "_step": 423000}