{"train_inner/train_wall": 157.0, "_timestamp": 1685273434.8262305, "train_inner/loss_scale": 8.0, "train_inner/wall": 172610.0, "_runtime": 172616.09283947945, "_step": 103300, "train_inner/loss": 4.202, "train_inner/bsz": 3105.1, "train_inner/wps": 72542.3, "train_inner/nll_loss": 2.586, "train_inner/wpb": 119362.7, "train_inner/lr": 0.00019677949192289503, "train_inner/ups": 0.61, "train_inner/gnorm": 0.163, "train_inner/clip": 100.0, "train_inner/ppl": 6.01, "valid/loss": 4.274, "valid/bsz": 145.5, "valid/wps": 3539.0, "valid/nll_loss": 2.653, "valid/bleu": 19.65, "valid/wpb": 4169.2, "valid/ppl": 6.29, "train/loss": 4.204, "train/bsz": 3089.2, "train/wps": 71636.9, "train/nll_loss": 2.589, "train/wpb": 119569.0, "train/lr": 0.00019786662665012412, "train/ups": 0.6, "train/gnorm": 0.162, "train/train_wall": 5064.0, "train/wall": 170707.0, "train/clip": 100.0, "train/loss_scale": 11.0, "train/ppl": 6.02, "valid/best_bleu": 20.08}