{"train_inner/train_wall": 80.0, "_timestamp": 1685271045.827323, "train_inner/wall": 172661.0, "train_inner/loss_scale": 6.0, "_runtime": 172665.76666903496, "_step": 197500, "train_inner/clip": 100.0, "train_inner/wps": 140865.3, "train_inner/wpb": 119625.5, "train_inner/lr": 0.000142313613392964, "train_inner/nll_loss": 2.545, "train_inner/loss": 4.165, "train_inner/gnorm": 0.224, "train_inner/bsz": 3050.8, "train_inner/ups": 1.18, "train_inner/ppl": 5.84, "valid/bleu": 20.44, "valid/wps": 5868.2, "valid/wpb": 4169.2, "valid/nll_loss": 2.586, "valid/loss": 4.214, "valid/bsz": 145.5, "valid/ppl": 6.0, "train/clip": 100.0, "train/train_wall": 2587.0, "train/wall": 170293.0, "train/wps": 137180.2, "train/wpb": 119568.9, "train/lr": 0.00014330714654392122, "train/nll_loss": 2.543, "train/loss_scale": 5.0, "train/loss": 4.163, "train/gnorm": 0.226, "train/bsz": 3088.6, "train/ups": 1.15, "train/ppl": 5.83, "valid/best_bleu": 21.16}