{"train_inner/wall": 113.0, "_timestamp": 1687393029.57461, "train_inner/train_wall": 5.0, "train_inner/loss_scale": 16.0, "_runtime": 121.37351703643799, "_step": 0}