{"train_inner/wall": 6803.0, "_timestamp": 1685123686.0663285, "train_inner/loss_scale": 18.0, "train_inner/train_wall": 398.0, "_runtime": 6808.998776435852, "_step": 1600, "train_inner/ups": 0.25, "train_inner/lr": 0.00039999999999999996, "train_inner/bsz": 3100.7, "train_inner/nll_loss": 5.116, "train_inner/ppl": 34.69, "train_inner/wps": 29364.8, "train_inner/wpb": 119344.4, "train_inner/loss": 6.461, "train_inner/gnorm": 0.461, "train_inner/clip": 100.0}